step,object,x,y,zoom,question,answer,layer1_button,layer1_content,layer2_button,layer2_content
#,object_id from the objects tab,horizontal position 0-1 (0.5 = center),vertical position 0-1 (0.5 = center),(1.0 = full image),Heading for this step,Brief 1-2 sentence text,"Optional button text (default: ""Learn more"")","Panel content: write text here, paste markdown, or enter path to .md file (e.g. your-story/file.md)","Optional second button text (default: ""Go deeper"")","Second panel: write text here, paste markdown, or enter path to .md file"
1,,,,,A Painting of the Savanna,"This document, which can be read both as a map and a painting, was part of a legal proceeding that consolidated one of the most important haciendas and family lineages of the New Kingdom of Granada.",,,,
2,demo-bogota-painting,0.5,0.5,1,Why was this map drawn?,"The *Painting of the lands, marshes, and swamps of the town of Bogotá* was presented as evidence during a 1614 legal proceeding brought by the crown prosecutor of the New Kingdom of Granada against Francisco Maldonado y Mendoza, a renowned *encomendero*, over the ownership of lands in the Bogotá savanna.",,colonial-landscapes/1-1-layer1.md,,
3,demo-bogota-painting,0.5,0.5,1,What does the map show?,"The map features the Bogotá savanna, a high plateau on the eastern mountain range of the northern Andes in modern-day Colombia. In the early sixteenth century, the savanna was occupied by the Indigenous Muisca people of the Chibcha linguistic family. A Spanish expedition led by Gonzalo Jiménez de Quesada arrived there in 1536. From that moment on, the city of Bogotá became the base of operations for the Spanish empire in the region and was designated as the seat of the *audiencia* of Santafé in 1549.",,colonial-landscapes/1-2-layer1.md,,
4,demo-bogota-painting,0.2836,0.3035,1.678,Is it a map or a painting?,"The *Painting of the lands, marshes, and swamps of the town of Bogotá* is a manuscript that works both as a map and as a landscape painting and belongs to the genre of legal maps.",,colonial-landscapes/1-3-layer1.md,,
5,demo-bogota-painting,0.6984,0.6893,1.583,Who were the owners of this land?,The estate (hacienda) depicted on the painting belonged to Francisco de Maldonado y Mendoza. His descendants obtained titles of nobility and the estate became the center of the Marquisate of San Jorge.,,colonial-landscapes/1-4-layer1.md,,
6,,,,,"Villages for the ""indios""",The Spanish created laws to force Indigenous peoples to abandon their former settlements and live in grid-like villages (also called reducciones) organized around a main square and a church. The objective of the measure was to coerce Indigenous peoples into giving up their customs.,,,,
7,demo-bogota-painting,0.5,0.5,1,Why were the Muisca called “indios”?,Europeans coined the term *“indios”* to group the different societies of the New World into a single category. This practice originated during Christopher Columbus’s first travels. The label imposed many negative stereotypes on Indigenous populations.,,colonial-landscapes/2-1-layer1.md,,
8,demo-bogota-painting,0.3654,0.1903,2.719,Why can we see villages on the map?,"The towns that today populate the savanna were not always there, but were the result of a project set in motion by the Spanish empire aimed at making “indios” live Catholic lives (what they referred to as “life in good order”).",,colonial-landscapes/2-2-layer1.md,,
9,demo-bogota-painting,0.5,0.5,1,Since when have there been villages on the savanna?,"The first instructions for the building of villages were decreed by colonial officer Tomás López Medel in 1559 and they caused many serious problems within Indigenous societies. Reducciones not only created conditions favorable to epidemics due to overcrowding, but also generated conflicts between Indigenous authorities and communities.",,colonial-landscapes/2-3-layer1.md,,
10,demo-bogota-painting,0.5334,0.1977,3.167,How did the Muisca live before the Spanish arrived?,"On the map we can see where the “old palisade of the cacique” used to be. In the sixteenth century, the Muisca of the Savanna had ceremonial centers that were known as “palisades.” These played an important role in their political organization.",,colonial-landscapes/2-4-layer1.md,,
11,demo-bogota-painting,0.8094,0.7797,3.162,Were Spaniards allowed to live in Indigenous villages?,"The creation of towns was part of a set of measures aimed at creating two separate “republics” with different legal responsibilities: one of *indios* living in towns and another of Spaniards living in cities. This is why the “town of Bogotá” and the city of “Santa Fe” appear as different places on the map: the town of Bogotá where Funza sits today, and the city in the place of contemporary Santafé de Bogotá.",,colonial-landscapes/2-5-layer1.md,,
12,,,,,From Terraces to Grasslands,"Although we find animals like cows and horses on the map, these were not native to the New World, but were introduced with the conquest. The map shows the transformation of the Indigenous agricultural landscape into grasslands for cattle raising.",,,,
13,demo-bogota-painting,0.3283,0.5247,1.59,"Were there pigs, cows, chickens, and donkeys in the Bogotá savanna before the Spanish arrived?","Although the landscape in the map is dominated by animals such as cows, sheep, pigs and horses, none of these animals were native to Andean landscapes.",,colonial-landscapes/3-1-layer1.md,,
14,demo-bogota-painting,0.7461,0.5062,3.158,How did the Muisca grow food in the Bogotá savanna?,"In the savanna’s water-rich ecosystem, the Indigenous Muisca people designed a system of cultivation terraces made up of raised beds and elevated platforms. The terraces, in turn, were traversed by ditches that drained the excess water and served as fishing canals.",,colonial-landscapes/3-2-layer1.md,,
15,demo-bogota-painting,0.809,0.6137,2.706,Did the introduction of livestock affect Indigenous agriculture?,"The introduction of cattle raising following the Spanish invasion changed the landscape of the savanna forever. The raised-bed and canal systems were not practical from the perspective of ranching. For this purpose, it was more useful to level the terraced fields and convert the landscape to [[demo-pastures|pastures]].",,colonial-landscapes/3-3-layer1.md,,
16,,,,,A Divided Landscape,"This painting was used as a legal document in order to prove a Spaniard’s ownership of a large estate in the Bogotá savanna. As Spanish legal procedures endorsed a Spaniard’s property ownership, Indigenous peoples were being dispossessed. Indigenous people were given a resguardo or reservation (a much smaller communal property which they were not allowed to sell) and were forced to work on estates. In this sense, this is a map of land dispossession and of the transformation of the Indigenous agricultural landscapes.",,,,
17,demo-bogota-painting,0.5,0.5,1,What were resguardos?,"*Resguardos* were communal lands that Indigenous people could farm. They came about as part of the legal reform of 1593, known as the land compositions (composiciones de tierras). Until then, most lands had remained in the hands of Indigenous people.",,colonial-landscapes/4-1-layer1.md,,
18,demo-bogota-painting,0.3921,0.7217,2.732,Could Indigenous people work wherever they wanted?,In 1593—the same year as the reform—the then Audiencia president Antonio González created an administrative mechanism for a Spaniard to distribute Indigenous labor. This new official was authorized to tell Indigenous people where to work and to regulate how they managed their affairs.,,colonial-landscapes/4-2-layer1.md,,
19,demo-bogota-painting,0.6962,0.6515,2.716,Why is this a divided landscape?,Resguardos were created at a time when the imperial administration defined Spaniards and Indigenous peoples as having different economic capacities: Spaniards had extensive commercial lands while Indigenous people had restricted economies supervised by the imperial administration. Indigenous people lost access to about 95% of the lands that had been available to them for farming before the conquest.,,"In this sense, this is a profoundly violent map. It is a map of land dispossession and of the transformation of the Indigenous agricultural landscapes into grazing pastures for Spanish estate owners—estates on which Indigenous people were forced to work. A few details on the map reveal the marks left by this process, such as the place that indicates the location of the former cacicazgo, or the small area allotted to the community’s *resguardo*, in contrast with the large estates owned by Spaniards.",,
20,demo-bogota-painting,0.5,0.5,1,What happened to the villages and resguardos?,"Villages and *resguardos* have had a long and unstable trajectory since the sixteenth century, going through waves of confrontation and resurgence. Most municipalities on the high plateau were former Indigenous villages. In the case of *resguardos*, after many attempts to dismantle them during the eighteenth and nineteenth centuries, the Political Constitution of 1991 made it possible for them to become ethnic territories once again and since then *resguardos* have offered Indigenous peoples new possibilities of ethnic autonomy.",,colonial-landscapes/4-4-layer1.md,,
