object_id,title,alt_text,featured,creator,description,source_url,period,year,medium_genre,subjects,source,credit,thumbnail,place_of_production
demo-bogota-painting,"Pintura de las tierras, pantanos y anegadizos del pueblo de Bogotá hecha por mandato de la Real Audiencia de esta ciudad de Santa Fe del Nuevo Reyno de Granada en la causa que en ella trata el señor fiscal con don Francisco Maldonado de Mendoza","Pintura de las tierras, pantanos y anegadizos del pueblo de Bogotá hecha por mandato de la Real Audiencia de esta ciudad de Santa Fe del Nuevo Reyno de Granada en la causa que en ella trata el señor fiscal con don Francisco Maldonado de Mendoza",,Juan de Aguilar Rendón,,https://content.telar.org/iiif/objects/demo-bogota-painting/manifest.json,,1614,Mapas y planos,,"Sevilla, España. Archivo General de Indias, signatura: MP-PANAMA,336.","Courtesy of Archivo General de Indias, Seville.",,"Bogotá, Colombia"
demo-obj3,"Recopilación de Leyes de los Reinos de las Indias. Mandadas imprimir, y publicar por la magestad católica del Rey don Carlos II. Libro II, título XV, ley primera - Que lo descubierto de las Indias se divida en doce Audiencias","Recopilación de Leyes de los Reinos de las Indias. Mandadas imprimir, y publicar por la magestad católica del Rey don Carlos II. Libro II, título XV, ley primera - Que lo descubierto de las Indias se divida en doce Audiencias",,Anónimo,,https://content.telar.org/iiif/objects/demo-obj3/manifest.json,,1681,Documentos legales,,"Madrid, España. Biblioteca Nacional de España, signatura: R/38739-387423/25836 V. 1","Courtesy of Biblioteca Nacional de España, Madrid.",,"Madrid, España"
demo-obj5,"Recopilación de Leyes de los Reinos de las Indias. Mandadas imprimir, y publicar por la magestad católica del Rey don Carlos II. Libro VI, título VII, ley primera - Que estando la tierra pacífica, el gobernador reparta los indios de ella","Recopilación de Leyes de los Reinos de las Indias. Mandadas imprimir, y publicar por la magestad católica del Rey don Carlos II. Libro VI, título VII, ley primera - Que estando la tierra pacífica, el gobernador reparta los indios de ella",,Anónimo,,https://content.telar.org/iiif/objects/demo-obj5/manifest.json,,1681,Documentos legales,,"Madrid, España. Biblioteca Nacional de España, signatura: R/38739-387423/25836 V. 1","Courtesy of Biblioteca Nacional de España, Madrid.",,"Madrid, España"
demo-obj25,"Extracto de la solicitud de Don Francisco, cacique de Ubaque, a la Audiencia de Santa Fe para transformar las costumbres de sucesión de los cacicazgos muiscas","Extracto de la solicitud de Don Francisco, cacique de Ubaque, a la Audiencia de Santa Fe para transformar las costumbres de sucesión de los cacicazgos muiscas",,,,https://content.telar.org/iiif/objects/demo-obj25/manifest.json,,1583,Documentos legales,,"Sevilla, España. Archivo General de Indias, Audiencia de Santa Fe 125 n.10","Courtesy of Archivo General de Indias, Seville.",,"Bogotá, Colombia"
demo-obj27,"Recopilación de Leyes de los Reinos de las Indias. Mandadas imprimir, y publicar por la magestad católica del Rey don Carlos II. Libro VI, título III - Que los indios sean reducidos a poblaciones; que en cada reducción haya iglesia con puerta, y llave","Recopilación de Leyes de los Reinos de las Indias. Mandadas imprimir, y publicar por la magestad católica del Rey don Carlos II. Libro VI, título III - Que los indios sean reducidos a poblaciones; que en cada reducción haya iglesia con puerta, y llave",,Anónimo,,https://content.telar.org/iiif/objects/demo-obj27/manifest.json,,1681,Documentos legales,,"Madrid, España. Biblioteca Nacional de España, signatura: R/38739-387423/25836 V. 1","Courtesy of Biblioteca Nacional de España, Madrid.",,"Madrid, España"
demo-obj35,Visita judicial a Choachí,Visita judicial a Choachí,,,,https://content.telar.org/iiif/objects/demo-obj35/manifest.json,,1563,Documentos legales,,"Bogotá, Colombia. Archivo General de la Nación, Visitas Cundinamarca, t. 12, ff. 1047-1050","Courtesy of the Archivo General de la Nación, Bogotá.",,"Choachí, Colombia"
demo-obj44,Instrucciones para el Administrador de Indios e Indias Mulatos y Mulatas de Santa Fe,Instrucciones para el Administrador de Indios e Indias Mulatos y Mulatas de Santa Fe,,,,https://content.telar.org/iiif/objects/demo-obj44/manifest.json,,1594,Documentos legales,,"Sevilla, España. Archivo General de Indias, Audiencia de Santa Fe. Legajo 93, n. 16, ff. 500r - 501r.","Courtesy of Archivo General de Indias, Seville.",,"Bogotá, Colombia"
demo-obj47,"Recopilación de Leyes de los Reinos de las Indias. Mandadas imprimir, y publicar por la magestad católica del Rey don Carlos II. Libro IV, título XVII, ley décima - Que en la tierra, que los indios labraren no se metan ganados","Recopilación de Leyes de los Reinos de las Indias. Mandadas imprimir, y publicar por la magestad católica del Rey don Carlos II. Libro IV, título XVII, ley décima - Que en la tierra, que los indios labraren no se metan ganados",,Anónimo,,https://content.telar.org/iiif/objects/demo-obj47/manifest.json,,1681,Documentos legales,,"Madrid, España. Biblioteca Nacional de España, signatura: R/38739-387423/25836 V. 1","Courtesy of Biblioteca Nacional de España, Madrid.",,"Madrid, España"
demo-obj48,Quejas de indígenas por daños de ganado en sus cultivos,Quejas de indígenas por daños de ganado en sus cultivos,,,[Transcription](https://drive.google.com/file/d/1ANm7_3w19G1pUVewh-n79W0g7COVrye8/view?usp=sharing),https://content.telar.org/iiif/objects/demo-obj48/manifest.json,,1672,Documentos legales,,"Bogotá, Colombia. Archivo General de la Nación, Resguardos-Boyacá, 7, D.10, ff. 672-704. 1672.","Courtesy of the Archivo General de la Nación, Bogotá.",,"Turmequé, Colombia"
demo-obj51,Demanda contra corregidores,Demanda contra corregidores,,,,https://content.telar.org/iiif/objects/demo-obj51/manifest.json,,1594,Documentos legales,,"Bogotá, Colombia. Archivo General de la Nación, Visitas Cundinamarca, t. 8, f. 381r-v.","Courtesy of the Archivo General de la Nación, Bogotá.",,"Pausaga (actual Fómeque), Colombia"
demo-atlas-allegory,Aspecto Symbólico del Mundo Hispánico,,FALSE,Laureano Atlas,"Allegorical map of the “Hispanic World”, engraved by Laureano Atlas and published as the frontispiece to Vicente Memije, Theses Mathematicas de Cosmographia, Geographia y Hydrographia (Manila: 1761)",https://figgy.princeton.edu/concern/scanned_resources/3497e01a-5086-4528-86ba-6f67ce402eec/manifest,18th century,1761,,"colonialism, cartography, allegory",Princeton University Library,Princeton University Library,,
demo-leviathan,Leviathan Frontispiece,,TRUE,Abraham Bosse (after design by Thomas Hobbes),"Frontispiece from Thomas Hobbes’ Leviathan (1651), showing the sovereign as a giant body composed of individual citizens",,17th century,1651,,"political philosophy, sovereignty",British Library,British Library,,
