id_objeto,titulo,texto_alt,destacado,creador,descripcion,url_fuente,periodo,año,medio_genero,temas,fuente,credito,miniatura,lugar_de_producción
demo-bogota-painting,"Pintura de las tierras, pantanos y anegadizos del pueblo de Bogotá hecha por mandato de la Real Audiencia de esta ciudad de Santa Fe del Nuevo Reyno de Granada en la causa que en ella trata el señor fiscal con don Francisco Maldonado de Mendoza","Pintura de las tierras, pantanos y anegadizos del pueblo de Bogotá hecha por mandato de la Real Audiencia de esta ciudad de Santa Fe del Nuevo Reyno de Granada en la causa que en ella trata el señor fiscal con don Francisco Maldonado de Mendoza",,Juan de Aguilar Rendón,,https://content.telar.org/iiif/objects/demo-bogota-painting/manifest.json,,1614,Mapas y planos,,"Sevilla, España. Archivo General de Indias, signatura: MP-PANAMA,336.","Cortesía del Archivo General de Indias, Sevilla.",,"Bogotá, Colombia"
demo-obj3,"Recopilación de Leyes de los Reinos de las Indias. Mandadas imprimir, y publicar por la magestad católica del Rey don Carlos II. Libro II, título XV, ley primera - Que lo descubierto de las Indias se divida en doce Audiencias","Recopilación de Leyes de los Reinos de las Indias. Mandadas imprimir, y publicar por la magestad católica del Rey don Carlos II. Libro II, título XV, ley primera - Que lo descubierto de las Indias se divida en doce Audiencias",,Anónimo,,https://content.telar.org/iiif/objects/demo-obj3/manifest.json,,1681,Documentos legales,,"Madrid, España. Biblioteca Nacional de España, signatura: R/38739-387423/25836 V. 1","Cortesía de la Biblioteca Nacional de España, Madrid.",,"Madrid, España"
demo-obj5,"Recopilación de Leyes de los Reinos de las Indias. Mandadas imprimir, y publicar por la magestad católica del Rey don Carlos II. Libro VI, título VII, ley primera - Que estando la tierra pacífica, el gobernador reparta los indios de ella","Recopilación de Leyes de los Reinos de las Indias. Mandadas imprimir, y publicar por la magestad católica del Rey don Carlos II. Libro VI, título VII, ley primera - Que estando la tierra pacífica, el gobernador reparta los indios de ella",,Anónimo,,https://content.telar.org/iiif/objects/demo-obj5/manifest.json,,1681,Documentos legales,,"Madrid, España. Biblioteca Nacional de España, signatura: R/38739-387423/25836 V. 1","Cortesía de la Biblioteca Nacional de España, Madrid.",,"Madrid, España"
demo-obj25,"Extracto de la solicitud de Don Francisco, cacique de Ubaque, a la Audiencia de Santa Fe para transformar las costumbres de sucesión de los cacicazgos muiscas","Extracto de la solicitud de Don Francisco, cacique de Ubaque, a la Audiencia de Santa Fe para transformar las costumbres de sucesión de los cacicazgos muiscas",,,,https://content.telar.org/iiif/objects/demo-obj25/manifest.json,,1583,Documentos legales,,"Sevilla, España. Archivo General de Indias, Audiencia de Santa Fe 125 n.10","Cortesía del Archivo General de Indias, Sevilla.",,"Bogotá, Colombia"
demo-obj27,"Recopilación de Leyes de los Reinos de las Indias. Mandadas imprimir, y publicar por la magestad católica del Rey don Carlos II. Libro VI, título III - Que los indios sean reducidos a poblaciones; que en cada reducción haya iglesia con puerta, y llave","Recopilación de Leyes de los Reinos de las Indias. Mandadas imprimir, y publicar por la magestad católica del Rey don Carlos II. Libro VI, título III - Que los indios sean reducidos a poblaciones; que en cada reducción haya iglesia con puerta, y llave",,Anónimo,,https://content.telar.org/iiif/objects/demo-obj27/manifest.json,,1681,Documentos legales,,"Madrid, España. Biblioteca Nacional de España, signatura: R/38739-387423/25836 V. 1","Cortesía de la Biblioteca Nacional de España, Madrid.",,"Madrid, España"
demo-obj35,Visita judicial a Choachí,Visita judicial a Choachí,,,,https://content.telar.org/iiif/objects/demo-obj35/manifest.json,,1563,Documentos legales,,"Bogotá, Colombia. Archivo General de la Nación, Visitas Cundinamarca, t. 12, ff. 1047-1050","Cortesía del Archivo General de la Nación, Bogotá.",,"Choachí, Colombia"
demo-obj44,Instrucciones para el Administrador de Indios e Indias Mulatos y Mulatas de Santa Fe,Instrucciones para el Administrador de Indios e Indias Mulatos y Mulatas de Santa Fe,,,,https://content.telar.org/iiif/objects/demo-obj44/manifest.json,,1594,Documentos legales,,"Sevilla, España. Archivo General de Indias, Audiencia de Santa Fe. Legajo 93, n. 16, ff. 500r - 501r.","Cortesía del Archivo General de Indias, Sevilla.",,"Bogotá, Colombia"
demo-obj47,"Recopilación de Leyes de los Reinos de las Indias. Mandadas imprimir, y publicar por la magestad católica del Rey don Carlos II. Libro IV, título XVII, ley décima - Que en la tierra, que los indios labraren no se metan ganados","Recopilación de Leyes de los Reinos de las Indias. Mandadas imprimir, y publicar por la magestad católica del Rey don Carlos II. Libro IV, título XVII, ley décima - Que en la tierra, que los indios labraren no se metan ganados",,Anónimo,,https://content.telar.org/iiif/objects/demo-obj47/manifest.json,,1681,Documentos legales,,"Madrid, España. Biblioteca Nacional de España, signatura: R/38739-387423/25836 V. 1","Cortesía de la Biblioteca Nacional de España, Madrid.",,"Madrid, España"
demo-obj48,Quejas de indígenas por daños de ganado en sus cultivos,Quejas de indígenas por daños de ganado en sus cultivos,,,[Transcripción](https://drive.google.com/file/d/1ANm7_3w19G1pUVewh-n79W0g7COVrye8/view?usp=sharing),https://content.telar.org/iiif/objects/demo-obj48/manifest.json,,1672,Documentos legales,,"Bogotá, Colombia. Archivo General de la Nación, Resguardos-Boyacá, 7, D.10, ff. 672-704. 1672.","Cortesía del Archivo General de la Nación, Bogotá.",,"Turmequé, Colombia"
demo-obj51,Demanda contra corregidores,Demanda contra corregidores,,,,https://content.telar.org/iiif/objects/demo-obj51/manifest.json,,1594,Documentos legales,,"Bogotá, Colombia. Archivo General de la Nación, Visitas Cundinamarca, t. 8, f. 381r-v.","Cortesía del Archivo General de la Nación, Bogotá.",,"Pausaga (actual Fómeque), Colombia"
demo-atlas-allegory,Aspecto Symbólico del Mundo Hispánico,,FALSE,Laureano Atlas,"Mapa alegórico del «Mundo Hispánico», grabado por Laureano Atlas y publicado como frontispicio de Vicente Memije, Theses Mathematicas de Cosmographia, Geographia y Hydrographia (Manila: 1761).",https://figgy.princeton.edu/concern/scanned_resources/3497e01a-5086-4528-86ba-6f67ce402eec/manifest,siglo XVIII,1761,Grabado,"colonialismo, cartografía, alegoría",Princeton University Library,Princeton University Library,,
demo-leviathan,Frontispicio del Leviatán,,TRUE,Abraham Bosse (según diseño de Thomas Hobbes),"Frontispicio del Leviatán de Thomas Hobbes (1651), en el que el soberano aparece como un cuerpo gigante compuesto por ciudadanos individuales.",,siglo XVII,1651,Grabado,"filosofía política, soberanía",British Library,British Library,,
