paso,objeto,x,y,zoom,pregunta,respuesta,boton_capa1,contenido_capa1,boton_capa2,contenido_capa2
#,id_objeto de la pestaña objetos / objects,Posición horizontal 0-1 (0.5 = centro),Posición vertical 0-1 (0.5 = centro),1.0 = imagen completa,Encabezado para este paso,Texto breve de 1-2 oraciones,"Texto opcional del botón (predeterminado: ""Saber más"")","Contenido del panel: escribe texto aquí, pega markdown, o indica ruta a archivo .md (ej. tu-historia/archivo.md)","Texto opcional del segundo botón (predeterminado: ""Profundizar"")","Segundo panel: escribe texto aquí, pega markdown, o indica ruta a archivo .md"
1,demo-bogota-painting,0.5,0.5,1,¿De dónde viene esta historia?,"Esta demostración cubre apenas una pequeña parte de los contenidos de *Paisajes Coloniales*, un proyecto más amplio que explora las transformaciones sociales y ambientales que vivieron las poblaciones indígenas y los paisajes de la actual Colombia durante los siglos XVI y XVII, desarrollado por Santiago Muñoz, Adelaida Ávila y María Alejandra Orduz Avella, y que inspiró Telar. <br><br><a href=""https://paisajescoloniales.com"" class=""btn btn-primary"" target=""_blank"">Explora Paisajes Coloniales →</a>",,,,
2,,,,,Una pintura de la Sabana,"Este documento, que oscila entre mapa y pintura, formó parte de un proceso legal en el que se consolidaron una de las haciendas y uno de los linajes más importantes del Nuevo Reino de Granada.",,,,
3,demo-bogota-painting,0.5,0.5,1,¿Para qué se dibujó este mapa?,"*La Pintura de las tierras pantanos y anegadizos del pueblo de Bogotá* se usó en 1614 como evidencia en un juicio legal que el fiscal del Nuevo Reino de Granada había iniciado contra Francisco Maldonado y Mendoza, un reputado encomendero, por la propiedad de unas tierras de la Sabana de Bogotá.",,paisajes/1-1-capa1.md,,
4,demo-bogota-painting,0.5,0.5,1,¿De dónde es el mapa?,"El mapa representa la Sabana de Bogotá, una altiplanicie en la cordillera oriental de los Andes donde hoy es Colombia. A comienzos del siglo XVI, la Sabana estaba ocupada por indígenas muiscas, de la familia lingüística chibcha. Una expedición española liderada por Gonzalo Jiménez de Quesada llegó a este lugar en 1536. Desde esos años la ciudad de Bogotá se convirtió en la base de operaciones del imperio español en la zona y en 1549 la nombrarían como sede de la Audiencia de Santafé.",,paisajes/1-2-capa1.md,,
5,demo-bogota-painting,0.2836,0.3035,1.678,¿Es un mapa o una pintura?,"*La Pintura de las tierras, pantanos y anegadizos del pueblo de Bogotá* es un manuscrito que oscila entre mapa y pintura de paisaje y que pertenece a un género de mapas legales.",,paisajes/1-3-capa1.md,,
6,demo-bogota-painting,0.6984,0.6893,1.583,¿Quiénes eran los dueños de este terreno?,La hacienda representada en la pintura perteneció a Francisco de Maldonado y Mendoza. Sus descendientes obtuvieron títulos nobiliarios y la hacienda se convirtió en el centro del Marqués de San Jorge.,,paisajes/1-4-capa1.md,,
7,,,,,Pueblos para los indios,Los españoles crearon leyes para obligar a los indígenas a abandonar sus antiguas residencias para que vivieran en pueblos organizados en torno a una plaza con una iglesia. Con esta medida buscaban que los indios olvidaran sus costumbres.,,,,
8,demo-bogota-painting,0.5,0.5,1,¿Por qué se llamó “indios” a los muiscas?,Los europeos acuñaron el término de “indios” para aglutinar a las diversas sociedades del Nuevo Mundo en una misma categoría. Esta práctica se originó desde los primeros viajes de Cristóbal Colón. Con esta etiqueta proyectaban muchos estereotipos despectivos sobre las poblaciones nativas.,,paisajes/2-1-capa1.md,,
9,demo-bogota-painting,0.3654,0.1903,2.719,¿Por qué se ven pueblos en el mapa?,"Los pueblos que hoy caracterizan la sabana no estuvieron ahí siempre, sino que fueron un proyecto puesto en marcha por el imperio español que buscaba que los indios vivieran vidas católicas (lo que llamaban una “vida en policía”).",,paisajes/2-2-capa1.md,,
10,demo-bogota-painting,0.5,0.5,1,¿Desde cuándo existen pueblos en la sabana?,"Las primeras instrucciones para construir pueblos las decretó el visitador Tomás López en 1559 y generó grandes desajustes en las sociedades indígenas. Las reducciones no solo crearon las condiciones propicias para la transmisión de epidemias, debido a nuevas condiciones de hacinamiento, sino que también generaron conflictos entre las autoridades indígenas y las comunidades.",,paisajes/2-3-capa1.md,,
11,demo-bogota-painting,0.5334,0.1977,3.167,¿Cómo vivían los muiscas antes de la llegada de los españoles?,En el mapa se identifica el lugar donde se encontraba el “cercado viejo del cacique”. Los muiscas de la Sabana tenían centros ceremoniales que se conocieron en el siglo XVI como “cercados”. Estos jugaban un papel importante en su organización política.,,paisajes/2-4-capa1.md,,
12,demo-bogota-painting,0.8094,0.7797,3.162,¿Por qué salen en el mapa un sitio que se llama Bogotá y otro que se llama Santa Fe?,"La creación de pueblos era parte de unas medidas que buscaban crear dos repúblicas separadas espacialmente y con responsabilidades legales distintas: una de indios que vivieran en pueblos y una de españoles que residieran en ciudades. Es por esto que en el mapa el “pueblo de Bogotá” y la ciudad de “Santa Fe” aparecen como lugares distintos—el pueblo de Bogotá en lo que hoy sería Funza, y la ciudad en el lugar de Santafé de Bogotá.",,paisajes/2-5-capa1.md,,
13,,,,,De terrazas a pastizales,"Aunque en el mapa figuran animales como vacas y caballos, estos no eran nativos del Nuevo Mundo sino que fueron introducidos con la conquista. El mapa evidencia la transformación de un paisaje agrícola indígena en pastizales para ganadería.",,,,
14,demo-bogota-painting,0.3283,0.5247,1.59,"¿Había cerdos, vacas, gallinas y burros en la sabana de Bogotá antes de que llegaran los españoles?","Aunque el paisaje del mapa lo dominan animales como las vacas, ovejas, cerdos y caballos, ninguno de estos animales era nativo de los paisajes andinos.",,paisajes/3-1-capa1.md,,
15,demo-bogota-painting,0.7461,0.5062,3.158,¿Cómo cultivaban los muiscas en la Sabana de Bogotá?,"La organización que hacían los indígenas muiscas de ese ecosistema rico en fuentes hídricas se basaba en un sistema de camellones que creaba plataformas elevadas que servían como terrazas de cultivo, que a su vez estaban atravesadas por diques que drenaban el agua excedente y servían como canales de pesca.",,paisajes/3-2-capa1.md,,
16,demo-bogota-painting,0.809,0.6137,2.706,¿La llegada de ganado afectó la agricultura indígena?,"La introducción del ganado tras la invasión española cambió para siempre el paisaje de la Sabana. El sistema de camellones y canales no era práctico desde una óptica ganadera. Para ese objetivo, era más útil tener sabanas cubiertas de [[demo-pastos|pastos]].",,paisajes/3-3-capa1.md,,
17,,,,,Un paisaje dividido,"Esta pintura se usó como documento legal para reconocer la propiedad de un español sobre una extensa hacienda en la sabana de Bogotá. A los indígenas se les otorgó un resguardo (una propiedad comunal mucho más pequeña que no podían comercializar) y se les forzó a trabajar en las haciendas. En este sentido, es un mapa del despojo de la tierra y de la transformación de los paisajes agrícolas indígenas.",,,,
18,demo-bogota-painting,0.5,0.5,1,¿Qué eran los resguardos?,"Los resguardos eran tierras comunales que podían cultivar los indígenas. Estos surgieron de una reforma legal de 1593, conocida como las composiciones de tierras. Hasta ese momento gran parte de las tierras habían permanecido en manos indígenas.",,paisajes/4-1-capa1.md,,
19,demo-bogota-painting,0.3921,0.7217,2.732,¿Podían los indígenas trabajar donde querían?,Ese mismo año se creó un cargo para un funcionario español que distribuía el trabajo indígena y que les decía dónde debían trabajar y que también regulaba cómo debían administrar sus cuentas.,,paisajes/4-2-capa1.md,,
20,demo-bogota-painting,0.6962,0.6515,2.716,¿Por qué es este un paisaje dividido?,"En este sentido, este es un mapa profundamente violento. Se calcula que, con la creación de resguardos, los indígenas perdieron el acceso al 95% de las tierras que tenían disponibles para su trabajo antes de la conquista. Es un mapa del despojo de la tierra y de la transformación de los paisajes agrícolas indígenas en sabanas ganaderas de hacendados españoles, en donde los indígenas debían trabajar de manera forzosa. Podemos ver las cicatrices de ese proceso en algunos detalles del mapa, como en la marca el lugar donde quedaba el antiguo cacicazgo o en el pequeño lugar donde se encuentra el resguardo de la comunidad en contraste con las haciendas de españoles.",,,,
21,demo-bogota-painting,0.5,0.5,1,¿Qué pasó con los pueblos y los resguardos?,"Los pueblos y los resguardos han tenido una larga y agitada trayectoria desde el siglo XVI, atravesando oleadas de confrontación y resurgimiento. La mayoría de municipios del altiplano surgieron de los pueblos de indios. Después de varios intentos por desmontar los resguardos en los siglos XVIII y XIX, la Constitución Política de 1991 los reconoció como territorios étnicos y desde entonces han ofrecido nuevas posibilidades de autonomía étnica.",,paisajes/4-4-capa1.md,,
22,demo-bogota-painting,0.5,0.5,1,¿Quieres seguir explorando?,"Esta demostración cubre apenas una pequeña parte de los contenidos de *Paisajes Coloniales*, un proyecto más amplio que explora las transformaciones sociales y ambientales que vivieron las poblaciones indígenas y los paisajes de la actual Colombia durante los siglos XVI y XVII, desarrollado por Santiago Muñoz, Adelaida Ávila y María Alejandra Orduz Avella, y que inspiró Telar. <br><br><a href=""https://paisajescoloniales.com"" class=""btn btn-primary"" target=""_blank"">Explora Paisajes Coloniales →</a>",,,,
