id_término,titulo,definición
# Escríbelo en minúsculas y sin espacios.,# Incluye un título: este campo es obligatorio.,"Contenido del panel: escribe texto aquí, pega markdown, o indica un archivo .md en /components/texts/glossary/ (la extensión .md es obligatoria)"
demo-historia,Historia,"Una secuencia de pasos que forman una narrativa visual. Cada historia aparece como una entrada independiente en la pestaña project (o en tu CSV) y puede recorrerse de manera individual.

En Telar, las historias combinan texto e imágenes para construir argumentos, explorar temas o guiar al público a través de material visual. La historia de demostración que estás viendo es un ejemplo de una historia que enseña mientras narra."
demo-panel-es,Panel,"Contenido expandible que aparece sobre el visor al hacer clic en “Saber más” u otros botones similares. Los paneles ofrecen contexto adicional sin abandonar el paso actual.

Telar admite dos capas de paneles:
- **Capa 1**: Se abre desde el paso principal
- **Capa 2**: Se abre desde dentro de la capa 1

Esta presentación progresiva permite elegir el nivel de profundidad de exploración."
demo-paso,Paso,"Una pantalla dentro de una historia de Telar que combina el texto narrativo a la izquierda con la vista de la imagen a la derecha. Cada paso puede enfocarse en una parte distinta de una imagen usando coordenadas (x, y, zoom).

Los pasos siguen el patrón Pregunta/Respuesta/Invitación: una pregunta atractiva, una respuesta breve y paneles opcionales por capas para profundizar."
demo-visor,Visor,"El panel interactivo de imágenes a la derecha de la pantalla. Admite zoom y paneo en alta resolución, lo que permite explorar detalles de la imagen.

El visor funciona con imágenes IIIF (alojadas por museos y bibliotecas) y con imágenes autoalojadas (de tu propia colección). Se puede hacer zoom y paneo libremente, pero tus coordenadas guían la vista inicial en cada paso."
demo-iiif-es,IIIF,"IIIF (International Image Interoperability Framework) es un estándar abierto que permite a las instituciones compartir imágenes de alta resolución en línea. Museos, bibliotecas y archivos publican manifiestos IIIF — URLs estructuradas que describen una imagen y sus metadatos.

En Telar, pega la URL de un manifiesto en la columna source_url de tu pestaña de objetos y Telar se encarga del resto: zoom, desplazamiento y zoom profundo funcionan automáticamente. Esta historia usa tanto una imagen propia (demo-leviathan) como un manifiesto IIIF externo de Princeton (demo-atlas-allegory)."
demo-ganaderia,Ganadería,"La ganadería ha sido parte de un largo proceso de convivencia entre humanos y animales que conocemos como ""domesticación"". Aunque tradicionalmente se veía la domesticación como un proceso en que los humanos dominaban y subordinaban a otros animales, investigación reciente ha mostrado que este no es un proceso controlado enteramente por humanos y que muchos animales se fueron acercando y conviviendo con sociedades humanas por su propia iniciativa.

En África y Eurasia la ganadería se practica desde hace por lo menos 6.000 años y en España se consolidó a lo largo del mundo antiguo y la Edad Media una cultura ganadera que hacía parte de una red de intercambios y conexiones con otras partes de Europa, el Medio Oriente y Asia. Esta ganadería, centrada en la cría de vacas, ovejas, cabras y cerdos, se apoyaba en la utilización de caballos y perros para el control del ganado que se mantenía disperso.

Las sociedades nativas del Nuevo Mundo contaban con varios animales domesticados, como los perros, el pavo y el pato, que se utilizaban como alimentación, participaban en rituales y eran intercambiados y pagados como tributo. En los Andes peruanos y bolivianos se practicaba la ganadería a partir de camélidos, como las llamas y las alpacas que se utilizaban como animales de carga y como fuente de lana. Estos fueron los únicos animales que se criaron en grandes manadas.

Al ser introducidos al Nuevo Mundo, animales como las vacas, cerdos y ovejas florecieron y se adaptaron fácilmente a un entorno en que no contaban con muchos depredadores naturales y, junto con ellos, se propagaron otras especies menos deseadas, como la rata noruega. La población de estos diversos tipos de animales creció tanto que la historiadora Elinor Melville se refirió a la reproducción de ganado ovino en Mesoamérica como ""La plaga de las ovejas""."
demo-jorge-tadeo-lozano,Jorge Tadeo Lozano,"Jorge Tadeo Lozano nació en Bogotá en 1771, estudió en Europa y se interesó por la historia natural. Esto le permitió unirse a la Real Expedición Botánica en la Nueva Granada en 1803 como encargado del proyecto zoológico. Dada su posición social y económica, Lozano contaba con numerosas haciendas en diferentes climas, lo que le facilitó la recolección de animales para iniciar su trabajo. Como resultado escribió La Fauna Cundinamarquesa.

También participó en la publicación de ""Correo o curioso, erudito, económico y mercantil de la ciudad de Santa Fe de Bogotá"". Su trabajo formó parte de un contexto en el cual la Corona española buscaba impulsar la economía de las colonias a través de expediciones científicas, que tuvo lugar en el marco de las dinámicas globales de la Ilustración.

Como parte de su trabajo administrativo en el imperio español, Lozano fue nombrado teniente protector de indios de Bosa, Fusagasugá y Usaquén en 1807. Con la consolidación del primer gobierno republicano, Lozano sirvió como primer presidente de las Provincias Unidas de la Nueva Granada, solo para ser depuesto en 1811 por un golpe de Estado encabezado por Antonio Nariño. Tras la reconquista, las fuerzas de Pablo Morillo fusilaron a Lozano el 6 de julio de 1816."
demo-telar-kogui,El telar kogui,"Entre los kogi de la Sierra Nevada de Santa Marta, el telar, además de ser un instrumento para tejer sus prendas, es un mapa que representa el cuerpo humano y la geografía de la Sierra.

El torso de un hombre con sus brazos cruzados forma la figura del telar. A su vez, las cuatro esquinas del telar representan las cuatro ciudades de las tierras bajas (Santa Marta, Riohacha, Fundación y Valledupar), mientras las cruces que se forman en su interior representan los picos nevados.

![Marco de un telar kogi](https://content.telar.org/assets/images/paisajes-demo/demo-telar-kogui.jpg)
*Marco de un telar kogi. En: The Loom of Life: A Kogi Principle of Integration. G. Reichel-Dolmatoff, 1978.*

La forma del telar crea entonces un marco que sirve a los kogi para conceptualizar y representar la geografía, y este marco también se puede expresar en sus cuerpos."